{
  "accuracy": [
    0.699999988079071,
    0.9309999942779541,
    0.9549999833106995,
    0.968999981880188,
    0.971750020980835,
    0.9787499904632568,
    0.9850000143051147,
    0.9815000295639038,
    0.9835000038146973,
    0.9860000014305115,
    0.9867500066757202,
    0.9912499785423279,
    0.9872499704360962,
    0.9862499833106995,
    0.9915000200271606,
    0.9915000200271606,
    0.9902499914169312,
    0.9900000095367432,
    0.9917500019073486,
    0.9929999709129333,
    0.9955000281333923,
    0.9937499761581421,
    0.9927499890327454,
    0.9942499995231628,
    0.9944999814033508,
    0.9940000176429749,
    0.9980000257492065,
    0.9955000281333923,
    0.9955000281333923,
    0.9950000047683716,
    0.9957500100135803,
    0.9942499995231628,
    0.9959999918937683,
    0.9965000152587891,
    0.9955000281333923,
    0.9972500205039978,
    0.9955000281333923,
    0.9962499737739563,
    0.9977499842643738,
    0.9977499842643738,
    0.996999979019165,
    0.996749997138977,
    0.9977499842643738,
    0.9977499842643738,
    0.9982500076293945,
    0.9950000047683716,
    0.9980000257492065,
    0.9972500205039978,
    0.9972500205039978,
    0.996999979019165
  ],
  "val_accuracy": [
    0.9890000224113464,
    0.9980000257492065,
    1.0,
    1.0,
    1.0,
    1.0,
    1.0,
    1.0,
    1.0,
    1.0,
    1.0,
    1.0,
    1.0,
    1.0,
    1.0,
    1.0,
    1.0,
    1.0,
    1.0,
    1.0,
    1.0,
    1.0,
    1.0,
    1.0,
    1.0,
    1.0,
    1.0,
    1.0,
    1.0,
    1.0,
    1.0,
    1.0,
    1.0,
    1.0,
    1.0,
    1.0,
    1.0,
    1.0,
    1.0,
    1.0,
    1.0,
    1.0,
    1.0,
    1.0,
    1.0,
    1.0,
    1.0,
    1.0,
    1.0,
    1.0
  ],
  "loss": [
    0.8035200238227844,
    0.28169092535972595,
    0.1703682541847229,
    0.12279688566923141,
    0.10398362576961517,
    0.07872144877910614,
    0.06786447018384933,
    0.06435360759496689,
    0.05611763149499893,
    0.051014769822359085,
    0.04648229107260704,
    0.03631911426782608,
    0.05034169182181358,
    0.05315185710787773,
    0.032273873686790466,
    0.0303622018545866,
    0.030498281121253967,
    0.031007105484604836,
    0.027752166613936424,
    0.023738114163279533,
    0.020076816901564598,
    0.02207914926111698,
    0.025937702506780624,
    0.022214524447917938,
    0.018117066472768784,
    0.02263900823891163,
    0.010507460683584213,
    0.018443142995238304,
    0.01671784557402134,
    0.01903308555483818,
    0.013943714089691639,
    0.025600090622901917,
    0.018820924684405327,
    0.011249976232647896,
    0.01725245825946331,
    0.011095200665295124,
    0.014324468560516834,
    0.015257961116731167,
    0.0077001661993563175,
    0.010027091018855572,
    0.010818853043019772,
    0.012038769200444221,
    0.011025035753846169,
    0.00994193833321333,
    0.006838642526417971,
    0.027276037260890007,
    0.0068596662022173405,
    0.01106487587094307,
    0.008940755389630795,
    0.012848385609686375
  ],
  "val_loss": [
    0.5149219036102295,
    0.1070055291056633,
    0.03128131851553917,
    0.015188375487923622,
    0.008884748443961143,
    0.005353997461497784,
    0.0037597750779241323,
    0.0025961091741919518,
    0.0021995357237756252,
    0.0015275044133886695,
    0.00116431200876832,
    0.0010112141026183963,
    0.0010047492105513811,
    0.000658180215395987,
    0.0011155621614307165,
    0.000417540839407593,
    0.0005559767596423626,
    0.0003966668155044317,
    0.00031745826709084213,
    0.00023940349637996405,
    0.0002346253750147298,
    0.00021775002824142575,
    0.00014786965039093047,
    0.00012290831364225596,
    0.000543941801879555,
    0.0002172675303881988,
    7.975515472935513e-05,
    0.0003695871855597943,
    5.925339428358711e-05,
    7.182941772043705e-05,
    7.401486800517887e-05,
    5.7475786888971925e-05,
    5.0766579079208896e-05,
    4.333572360337712e-05,
    5.1386425184318796e-05,
    4.3573123548412696e-05,
    4.0510934923077e-05,
    4.471133433980867e-05,
    3.986563751823269e-05,
    4.050714778713882e-05,
    3.5719982406590134e-05,
    3.4347067412454635e-05,
    3.497053330647759e-05,
    3.3805488783400506e-05,
    3.245413608965464e-05,
    3.243612445658073e-05,
    3.2031162845669314e-05,
    3.1644445698475465e-05,
    3.305256541352719e-05,
    3.516190918162465e-05
  ],
  "timestamp": "2026-03-30T23:20:11.169920",
  "classes": {
    "0": {
      "name": "recovery",
      "name_ru": "Восстановление",
      "hr_range": "50-65% HRmax",
      "hrv": "Высокий",
      "spo2": "96-99%",
      "marker": "Низкая нагрузка + высокий HRV + хорошее восстановление"
    },
    "1": {
      "name": "endurance_e1e2",
      "name_ru": "Базовая выносливость (E1-E2)",
      "hr_range": "65-80% HRmax",
      "hrv": "Умеренный",
      "spo2": "95-98%",
      "marker": "Работа ниже лактатного порога"
    },
    "2": {
      "name": "threshold_e3",
      "name_ru": "Пороговая выносливость (E3)",
      "hr_range": "80-90% HRmax",
      "hrv": "Сниженный",
      "spo2": "93-96%",
      "marker": "Нагрузка вблизи анаэробного порога"
    },
    "3": {
      "name": "strength_hiit",
      "name_ru": "Силовая/HIIT",
      "hr_range": "90-100% HRmax",
      "hrv": "Резкое падение",
      "spo2": "90-94%",
      "marker": "Высокая вариабельность + постнагрузочная гипертензия"
    }
  }
}