{
  "accuracy": [
    0.8150202631950378,
    0.9572048187255859,
    0.9692322015762329,
    0.9716097116470337,
    0.9765512347221375,
    0.9784159064292908,
    0.979581356048584,
    0.9807934165000916,
    0.9806069731712341,
    0.983543872833252,
    0.9827513694763184,
    0.9829378724098206,
    0.9838702082633972,
    0.9844762682914734,
    0.9848025441169739,
    0.9847093224525452,
    0.9857349395751953,
    0.9852221608161926,
    0.9852221608161926,
    0.9849890470504761,
    0.9851288795471191,
    0.9841033220291138,
    0.9853619933128357,
    0.9857815504074097,
    0.9865274429321289,
    0.9866206645965576,
    0.9857349395751953,
    0.985268771648407,
    0.9865740537643433,
    0.9854552149772644,
    0.9872267246246338,
    0.9861544966697693,
    0.9860146641731262,
    0.9869936108589172,
    0.9875530004501343,
    0.9876928925514221,
    0.9866206645965576,
    0.9873199462890625,
    0.9879259467124939,
    0.9885320067405701,
    0.9883455038070679,
    0.9875063896179199,
    0.9882056713104248,
    0.9874131679534912,
    0.9879259467124939,
    0.9878327250480652,
    0.9883455038070679,
    0.9884853959083557,
    0.9891846776008606,
    0.9890913963317871,
    0.9884853959083557,
    0.9876928925514221,
    0.9889981746673584,
    0.9882056713104248,
    0.9886718392372131,
    0.9892778992652893,
    0.9890913963317871,
    0.9888583421707153,
    0.9895576238632202,
    0.9884387850761414,
    0.9887651205062866,
    0.9900704026222229,
    0.9889981746673584,
    0.9892778992652893,
    0.9896508455276489,
    0.9888583421707153,
    0.9891380071640015,
    0.9895109534263611,
    0.9882522821426392,
    0.9890913963317871,
    0.9899305105209351,
    0.9896974563598633,
    0.9891846776008606,
    0.9891846776008606
  ],
  "val_accuracy": [
    0.9744545817375183,
    0.9820995926856995,
    0.9796755313873291,
    0.986015260219574,
    0.9867611527442932,
    0.9873205423355103,
    0.9893715977668762,
    0.9901174902915955,
    0.9904903769493103,
    0.9875069856643677,
    0.9891851544380188,
    0.9921685457229614,
    0.9858288168907166,
    0.9856423735618591,
    0.9932873249053955,
    0.991422712802887,
    0.9923550486564636,
    0.9931008815765381,
    0.9875069856643677,
    0.9888122081756592,
    0.9921685457229614,
    0.9908633232116699,
    0.9908633232116699,
    0.9934738278388977,
    0.9931008815765381,
    0.9917956590652466,
    0.9852694272994995,
    0.9912362694740295,
    0.9908633232116699,
    0.9876934289932251,
    0.991422712802887,
    0.9912362694740295,
    0.9888122081756592,
    0.9917956590652466,
    0.991422712802887,
    0.9908633232116699,
    0.9916091561317444,
    0.9901174902915955,
    0.991982102394104,
    0.9927279353141785,
    0.9916091561317444,
    0.9908633232116699,
    0.9878799319267273,
    0.9910497665405273,
    0.9891851544380188,
    0.9908633232116699,
    0.9916091561317444,
    0.991422712802887,
    0.992541491985321,
    0.991422712802887,
    0.9904903769493103,
    0.9929144382476807,
    0.9903039336204529,
    0.991422712802887,
    0.9903039336204529,
    0.9917956590652466,
    0.9931008815765381,
    0.9923550486564636,
    0.9934738278388977,
    0.9921685457229614,
    0.9929144382476807,
    0.992541491985321,
    0.9906768798828125,
    0.9917956590652466,
    0.991982102394104,
    0.9921685457229614,
    0.9923550486564636,
    0.9921685457229614,
    0.9923550486564636,
    0.9927279353141785,
    0.9916091561317444,
    0.9916091561317444,
    0.9916091561317444,
    0.992541491985321
  ],
  "loss": [
    0.5773277878761292,
    0.2125539481639862,
    0.16416852176189423,
    0.14532817900180817,
    0.12405996024608612,
    0.11741069704294205,
    0.10786671191453934,
    0.102128766477108,
    0.09612191468477249,
    0.08692621439695358,
    0.08480994403362274,
    0.08128130435943604,
    0.07545626908540726,
    0.07436924427747726,
    0.07185136526823044,
    0.07056924700737,
    0.06619864702224731,
    0.0634717047214508,
    0.06376121938228607,
    0.06428204476833344,
    0.060310907661914825,
    0.061856698244810104,
    0.05834479629993439,
    0.05754830688238144,
    0.053760308772325516,
    0.05297575145959854,
    0.057487498968839645,
    0.05379225313663483,
    0.05266531929373741,
    0.05304935202002525,
    0.05048198997974396,
    0.05207445099949837,
    0.051996394991874695,
    0.04870766028761864,
    0.047988757491111755,
    0.04632539674639702,
    0.051257308572530746,
    0.04633049666881561,
    0.04647626355290413,
    0.04513677954673767,
    0.04475609213113785,
    0.045473862439394,
    0.044558439403772354,
    0.04383636638522148,
    0.04686207324266434,
    0.04353766143321991,
    0.044891342520713806,
    0.04389452934265137,
    0.042433612048625946,
    0.04090471565723419,
    0.0440082810819149,
    0.04224530979990959,
    0.04326312243938446,
    0.04257500171661377,
    0.041692670434713364,
    0.041357219219207764,
    0.04199982434511185,
    0.04254576936364174,
    0.04044593870639801,
    0.04205507040023804,
    0.04203459620475769,
    0.03998136520385742,
    0.03968244418501854,
    0.03924437239766121,
    0.03941244259476662,
    0.04153887927532196,
    0.039848048239946365,
    0.038318607956171036,
    0.04227248951792717,
    0.04047565907239914,
    0.0383518785238266,
    0.03859950229525566,
    0.0396624393761158,
    0.03954087570309639
  ],
  "val_loss": [
    0.18374165892601013,
    0.10640875995159149,
    0.10217751562595367,
    0.08297140896320343,
    0.07579196989536285,
    0.07230209559202194,
    0.06563390046358109,
    0.061595380306243896,
    0.05817629024386406,
    0.05797151103615761,
    0.05295998603105545,
    0.04944246634840965,
    0.053021494299173355,
    0.05178530141711235,
    0.04165887460112572,
    0.04302934557199478,
    0.040506377816200256,
    0.0379926823079586,
    0.04564535990357399,
    0.04499250277876854,
    0.03808656334877014,
    0.03875870630145073,
    0.035429853945970535,
    0.0361177958548069,
    0.03134248033165932,
    0.03132917359471321,
    0.04378116503357887,
    0.032083481550216675,
    0.0359300933778286,
    0.03955642879009247,
    0.03248019888997078,
    0.03253593668341637,
    0.03348981961607933,
    0.03125070780515671,
    0.030612006783485413,
    0.030179738998413086,
    0.030866922810673714,
    0.032792434096336365,
    0.0301445871591568,
    0.02911330573260784,
    0.030340105295181274,
    0.03239867463707924,
    0.036152131855487823,
    0.031039848923683167,
    0.03321119025349617,
    0.03281330689787865,
    0.03181266039609909,
    0.03092157654464245,
    0.030431104823946953,
    0.028800703585147858,
    0.031058786436915398,
    0.028548238798975945,
    0.03146032616496086,
    0.02834004908800125,
    0.031170902773737907,
    0.028957698494195938,
    0.026347855105996132,
    0.028129855170845985,
    0.02627769112586975,
    0.0281650610268116,
    0.02875184640288353,
    0.027843283489346504,
    0.031428612768650055,
    0.02729489840567112,
    0.027092482894659042,
    0.028323644772171974,
    0.02735869027674198,
    0.027600569650530815,
    0.026843218132853508,
    0.027239467948675156,
    0.02827775478363037,
    0.028096968308091164,
    0.027796465903520584,
    0.02696309983730316
  ],
  "timestamp": "2026-03-31T02:45:30.605631",
  "classes": {
    "0": {
      "name": "recovery",
      "name_ru": "Восстановление",
      "hr_range": "50-65% HRmax"
    },
    "1": {
      "name": "endurance_e1e2",
      "name_ru": "Базовая выносливость (E1-E2)",
      "hr_range": "65-80% HRmax"
    },
    "2": {
      "name": "threshold_e3",
      "name_ru": "Пороговая выносливость (E3)",
      "hr_range": "80-90% HRmax"
    },
    "3": {
      "name": "strength_hiit",
      "name_ru": "Силовая/HIIT",
      "hr_range": "90-100% HRmax"
    }
  },
  "class_weights": {
    "0": 0.8443945835301527,
    "1": 2.2344791666666666,