{"accuracy": [0.24774999916553497, 0.2619999945163727, 0.25600001215934753, 0.26100000739097595, 0.2628749907016754, 0.26899999380111694, 0.2777499854564667, 0.2721250057220459, 0.2796249985694885, 0.2693749964237213, 0.27250000834465027, 0.2786250114440918, 0.2747499942779541], "loss": [1.414454460144043, 1.3931888341903687, 1.3905665874481201, 1.3888965845108032, 1.3870865106582642, 1.3843549489974976, 1.3827229738235474, 1.3832807540893555, 1.3828036785125732, 1.3835203647613525, 1.3829582929611206, 1.3818109035491943, 1.380147933959961], "val_accuracy": [0.26100000739097595, 0.25850000977516174, 0.26249998807907104, 0.25999999046325684, 0.2540000081062317, 0.2554999887943268, 0.2535000145435333, 0.2515000104904175, 0.24199999868869781, 0.2554999887943268, 0.24799999594688416, 0.2565000057220459, 0.25699999928474426], "val_loss": [1.389880657196045, 1.387818694114685, 1.386620044708252, 1.386940360069275, 1.3873894214630127, 1.3869436979293823, 1.3882625102996826, 1.388083815574646, 1.3879214525222778, 1.3876889944076538, 1.3881242275238037, 1.3881008625030518, 1.3879352807998657]}